Episode,Time Steps,Reward,Total Reward
0,81,-13.0,61.000000000000014
1,62,-11,40.00000000000002
2,116,-12.0,81.0999999999998
3,64,-11.0,41.60000000000006
4,51,-12.0,30.100000000000016
5,22,-11.0,4.599999999999994
6,92,-17.0,65.40000000000002
7,59,-19.0,50.599999999999994
8,111,-13.0,79.59999999999987
9,110,-11.0,79.29999999999998
10,12,-15.0,-3.8000000000000007
11,69,-16.0,52.79999999999998
